{"cameraMode":{"drawMode":0,"name":"Shaded","section":"Shading Mode"},"sceneLighting":false,"audioPlay":false,"sceneViewState":{"showFog":true,"showMaterialUpdate":true,"showSkybox":false,"showFlares":true,"showImageEffects":true,"showParticleSystems":true,"showVisualEffectGraphs":true,"m_FxEnabled":true},"in2DMode":false,"pivot":{"x":185.5111846923828,"y":15.980620384216309,"z":212.8000030517578},"rotation":{"x":-0.009773815050721169,"y":-0.9768089056015015,"z":0.21152935922145844,"w":-0.039244186133146289},"size":1.5485409498214722,"orthographic":false}